GENUS,SPECIES,TPS NAME,GENE ID,FUNCTIONAL ANNOTATION,TPS CLASSIFICATION,,
Arabidopsis,Arabidopsis thaliana (Mouse-ear cress),At1g31950 F5M6.5,AT1G31950.3,Terpenoid cyclases/Protein prenyltransferases superfamily protein,PRENYL TRANSFERASE,,
Arabidopsis,Arabidopsis thaliana (Mouse-ear cress),At1g31950 F5M6.5,AT1G31950.2,Terpenoid cyclases/Protein prenyltransferases superfamily protein,PRENYL TRANSFERASE,,
Arabidopsis,Arabidopsis thaliana (Mouse-ear cress),At1g48820 F11I4.2 F11I4_2,AT1G48820.1,"Terpene cyclase, putative (Terpenoid cyclases/Protein prenyltransferases superfamily protein)",PRENYL TRANSFERASE,,
Arabidopsis,Arabidopsis thaliana (Mouse-ear cress),At1g66020 F15E12.3 F15E12_3,AT1G66020.2,Terpenoid cyclases/Protein prenyltransferases superfamily protein,PRENYL TRANSFERASE,,
Arabidopsis,Arabidopsis thaliana (Mouse-ear cress),At2g23230 T20D16.14 T20D16_14,,Terpenoid cyclases/Protein prenyltransferases superfamily protein,PRENYL TRANSFERASE,,
Arabidopsis,Arabidopsis thaliana (Mouse-ear cress),At3g14540,AT3G14540.2,Terpenoid cyclases/Protein prenyltransferases superfamily protein,PRENYL TRANSFERASE,,
Arabidopsis,Arabidopsis thaliana (Mouse-ear cress),At3g29410,AT3G29410.2,Terpenoid cyclases/Protein prenyltransferases superfamily protein,PRENYL TRANSFERASE,,
Arabidopsis,Arabidopsis thaliana (Mouse-ear cress),At4g20230 F1C12.150 F1C12_150,AT4G20230.2,Terpenoid synthase superfamily protein,,,
Arabidopsis,Arabidopsis thaliana (Mouse-ear cress),BS TPS11 At5g44630 K15C23.7,AT5G44630.1,Alpha-barbatene synthase (AtBS) (EC 4.2.3.69) (Beta-chamigrene synthase) (EC 4.2.3.78) (Terpeneoid synthase 11) (AtTPS11) (Thujopsene synthase) (EC 4.2.3.79),SESQUITERPENE SYNTHASE,,
Arabidopsis,Arabidopsis thaliana (Mouse-ear cress),GA1 ABC33 CPS CPS1 TPSGA1 At4g02780 T5J8.9,AT4G02780.1,"Ent-copalyl diphosphate synthase, chloroplastic (AtCPS) (Ent-CDP synthase) (EC 5.5.1.13) (Ent-kaurene synthase A) (KSA) (Protein GA REQUIRING 1)",DITERPENE SYNTHASE,,
Arabidopsis,Arabidopsis thaliana (Mouse-ear cress),GA2 KS KS1 TPSGA2 At1g79460 T8K14.12,AT1G79460.1,"Ent-kaur-16-ene synthase, chloroplastic (EC 4.2.3.19) (Ent-kaurene synthase) (AtKS) (Ent-kaurene synthase B) (KSB) (Protein GA REQUIRING 2)",DITERPENE SYNTHASE,,
Arabidopsis,Arabidopsis thaliana (Mouse-ear cress),GES LIS TPS04 TPS4 At1g61120 F11P17.15,AT1G61120.1,"(E,E)-geranyllinalool synthase (AtGES) (EC 4.2.3.144) (Terpenoid synthase 4) (AtTPS04)",DITERPENE SYNTHASE,,
Arabidopsis,Arabidopsis thaliana (Mouse-ear cress),TPS01 TC1 TS1 At4g15870 dl3975c FCAALL.405,AT4G15870.1,Terpenoid synthase 1 (AtTPS01) (EC 4.2.3.-),,,
Arabidopsis,Arabidopsis thaliana (Mouse-ear cress),TPS02 terpene synthase 02 At4g16730 Dl4390W FCAALL.15,AT4G16730.2,Terpene synthase 02,MONOTERPENE SYNTHASE,,
Arabidopsis,Arabidopsis thaliana (Mouse-ear cress),TPS03 At4g16740 dl4395w FCAALL.18,AT4G16740.1,"Tricyclene synthase, chloroplastic (EC 4.2.3.105) ((E)-beta-ocimene synthase) (EC 4.2.3.106) ((E,E)-alpha-farnesene synthase) (EC 4.2.3.46) (Terpenoid synthase 3) (AtTPS03)",MONOTERPENE SYNTHASE,,
Arabidopsis,Arabidopsis thaliana (Mouse-ear cress),TPS03 ATTPS03 terpene synthase 03 At4g16740 Dl4395W FCAALL.18,"AT4G16740.3, AT4G16740.4",Terpene synthase 03,MONOTERPENE SYNTHASE,,
Arabidopsis,Arabidopsis thaliana (Mouse-ear cress),TPS05 At2g23230 T20D16.14,,Putative terpenoid synthase 5 (AtTPS05) (EC 4.2.3.-),,,
Arabidopsis,Arabidopsis thaliana (Mouse-ear cress),TPS06 At1g70080 F20P5.19,AT1G70080.1,"Dolabella-3,7-dien-18-ol synthase TPS06 (EC 4.2.3.167) (Terpenoid synthase 6) (AtTPS06)",,,
Arabidopsis,Arabidopsis thaliana (Mouse-ear cress),TPS07 At4g20200 F1C12.120,AT4G20200.1,Putative terpenoid synthase 7 (AtTPS07) (EC 4.2.3.-),,,
Arabidopsis,Arabidopsis thaliana (Mouse-ear cress),TPS08 At4g20210 F1C12.130,AT4G20210.1,Terpenoid synthase 8 (AtTPS08) (EC 4.2.3.195),,,
Arabidopsis,Arabidopsis thaliana (Mouse-ear cress),TPS09 At4g20230 F1C12.150,AT4G20230.1,Terpenoid synthase 9 (AtTPS09) (EC 4.2.3.-),,,
Arabidopsis,Arabidopsis thaliana (Mouse-ear cress),TPS10 At2g24210 F27D4.12,AT2G24210.1,"Tricyclene synthase, chloroplastic (EC 4.2.3.105) ((E)-beta-ocimene synthase 0e23) (EC 4.2.3.106) (Myrcene synthase 1) (EC 4.2.3.15) (Terpenoid synthase 10) (AtTPS10)",MONOTERPENE SYNTHASE,,
Arabidopsis,Arabidopsis thaliana (Mouse-ear cress),TPS12 At4g13280 T9E8.20,AT4G13280.2,(Z)-gamma-bisabolene synthase 1 (EC 4.2.3.40) (Terpenoid synthase 12) (AtTPS12),SESQUITERPENE SYNTHASE,,
Arabidopsis,Arabidopsis thaliana (Mouse-ear cress),TPS13 At4g13300 T9E8.40,AT4G13300.1,(Z)-gamma-bisabolene synthase 2 (EC 4.2.3.40) (Terpenoid synthase 13) (AtTPS13),SESQUITERPENE SYNTHASE,,
Arabidopsis,Arabidopsis thaliana (Mouse-ear cress),TPS14 At1g61680 T13M11.3,AT1G61680.1,"S-(+)-linalool synthase, chloroplastic (EC 4.2.3.25) (Terpenoid synthase 14) (AtTPS14)",MONOTERPENE SYNTHASE,,
Arabidopsis,Arabidopsis thaliana (Mouse-ear cress),TPS14 ATTPS14 TERPENE SYNTHASE 14 terpene synthase 14 At1g61680 T13M11.3 T13M11_3,AT1G61680.2,Terpene synthase 14,,,
Arabidopsis,Arabidopsis thaliana (Mouse-ear cress),TPS15 At3g29190 MXO21.3,AT3G29190.1,Terpenoid synthase 15 (AtTPS15) (EC 4.2.3.-),,,
Arabidopsis,Arabidopsis thaliana (Mouse-ear cress),TPS16 At3g29110 MXE2.1,AT3G29110.1,Putative terpenoid synthase 16 (AtTPS16) (EC 4.2.3.-),,,
Arabidopsis,Arabidopsis thaliana (Mouse-ear cress),TPS17 At3g14490 MOA2.12,AT3G14490.1,Terpenoid synthase 17 (AtTPS17) (EC 4.2.3.-),,,
Arabidopsis,Arabidopsis thaliana (Mouse-ear cress),TPS18 At3g14520 MIE1.2,AT3G14520.1,Terpenoid synthase 18 (AtTPS18) (EC 4.2.3.-),,,
Arabidopsis,Arabidopsis thaliana (Mouse-ear cress),TPS19 At3g14540 MIE1.4,AT3G14540.1,Terpenoid synthase 19 (AtTPS19) (EC 4.2.3.-),,,
Arabidopsis,Arabidopsis thaliana (Mouse-ear cress),TPS20 At5g48110 MDN11.20,"AT5G48110.1,","Inactive terpenoid synthase 20, chloroplastic (AtTPS20)",MONOTERPENE SYNTHASE,,
Arabidopsis,Arabidopsis thaliana (Mouse-ear cress),TPS21 PUP8 At5g23960 MZF18.16,AT5G23960.1,Alpha-humulene/(-)-(E)-beta-caryophyllene synthase (EC 4.2.3.-) (Terpenoid synthase 21) (AtTPS21),SESQUITERPENE SYNTHASE,,
Arabidopsis,Arabidopsis thaliana (Mouse-ear cress),TPS22 At1g33750 F14M2.13,AT1G33750.1,Terpenoid synthase 22 (AtTPS22) (EC 4.2.3.-),,,
Arabidopsis,Arabidopsis thaliana (Mouse-ear cress),TPS23 TPS-CIN2 At3g25830 K9I22.3,AT3G25830.1,"1,8-cineole synthase 2, chloroplastic (AtTPS-CIN2) (EC 4.2.3.108) (Limonene cyclase) (Terpenoid synthase 23) (AtTPS23)",MONOTERPENE SYNTHASE,,
Arabidopsis,Arabidopsis thaliana (Mouse-ear cress),TPS24 At3g25810 K13N2.7,AT3G25810.1,"Beta-myrcene/(E)-beta-ocimene synthase 2, chloroplastic (EC 4.2.3.15) (Terpenoid synthase 24) (AtTPS24)",MONOTERPENE SYNTHASE,,
Arabidopsis,Arabidopsis thaliana (Mouse-ear cress),TPS25 At3g29410 MUO10.2,AT3G29410.1,Terpenoid synthase 25 (AtTPS25) (EC 4.2.3.-),,,
Arabidopsis,Arabidopsis thaliana (Mouse-ear cress),TPS26 At1g66020 F15E12.3,AT1G66020.1,Terpenoid synthase 26 (AtTPS26) (EC 4.2.3.-),,,
Arabidopsis,Arabidopsis thaliana (Mouse-ear cress),TPS27 TPS-CIN1 At3g25820 K13N2.19,AT3G25820.1,"1,8-cineole synthase 1, chloroplastic (AtTPS-CIN1) (EC 4.2.3.108) (Limonene cyclase) (Terpenoid synthase 27) (AtTPS27)",MONOTERPENE SYNTHASE,,
Arabidopsis,Arabidopsis thaliana (Mouse-ear cress),TPS28 At1g48800 F11I4_3,AT1G48800.1,Terpenoid synthase 28 (AtTPS28) (EC 4.2.3.-),,,
Arabidopsis,Arabidopsis thaliana (Mouse-ear cress),TPS29 At1g31950 F5M6.5 T12O21.14,AT1G31950.1,Terpenoid synthase 29 (AtTPS29) (EC 4.2.3.-),,,
Arabidopsis,Arabidopsis thaliana (Mouse-ear cress),TPS30 At3g32030 T8O3.12,AT3G32030.1,Terpenoid synthase 30 (AtTPS30) (EC 4.2.3.-),,,
Arabidopsis,Arabidopsis thaliana (Mouse-ear cress),TPS-CIN 8-cineole 8-cineole'' ATTPS-CIN At3g25820,,"Terpene synthase-like sequence-1,8-cineole",,,
Zea,mays,TPS 01,Zm00001d002351,"Acyclic sesquiterpene synthase ((3R,6E)-nerolidol synthase) (EC 4.2.3.49) ((R)-linalool synthase) (EC 4.2.3.26) (Beta-farnesene synthase) (EC 4.2.3.47) (Ent-kaurene synthase 2.1) (ZmKS2.1) (EC 4.2.3.19) (Farnesyl diphosphatase) (EC 3.1.7.6) (Geraniol synthase) (EC 3.1.7.11) (Terpene synthase 1) (ZmTPS1)",Sesquiterpene synthase,,
Zea,mays,TPS 02,Zm00001d015053,"Terpene synthase 2, chloroplastic ((3S,6E)-nerolidol synthase) (EC 4.2.3.48) ((E,E)-geranyllinalool synthase) (EC 4.2.3.144) (S-(+)-linalool synthase) (EC 4.2.3.25)",Monoterpene synthase,,
Zea,mays,TPS 03,Zm00001d015054,"Probable terpene synthase 3, chloroplastic (EC 4.2.3.-)",Monoterpene synthase,,
Zea,mays,TPS 04,Zm00001d024478,7-epi-sesquithujene synthase (EC 4.2.3.101) ((E)-alpha-bergamotene synthase) (EC 4.2.3.81) (Beta-bisabolene synthase) (EC 4.2.3.55) (Beta-curcumene synthase) (EC 4.2.3.-) (Beta-farnesene synthase) (EC 4.2.3.47) (Gamma-curcumene synthase) (EC 4.2.3.94) (Sesquisabinene A synthase) (EC 4.2.3.-) (Terpene synthase 4) (tps4-B73),Sesquiterpene synthase,,
Zea,mays,TPS 05,Zm00001d024481,Inactive sesquithujene synthase (Terpene synthase 5) (tps5-B73),Sesquiterpene synthase,,
Zea,mays,TPS 06,Zm00001d024207,(S)-beta-macrocarpene synthase (EC 5.5.1.17) (Alpha-terpinolene synthase) (EC 4.2.3.113) (Beta-bisabolene synthase) (EC 4.2.3.55) (Beta-myrcene synthase) (EC 4.2.3.15) (Limonene synthase) (EC 4.2.3.16) (Linalool synthase) (EC 4.2.3.25) (Terpene synthase 6),Sesquiterpene synthase,,
Zea,mays,TPS 07,Zm00001d032230,Tau-cadinol synthase (EC 4.2.3.173) (Terpene synthase 7) (ZmTPS7),Sesquiterpene synthase,,
Zea,mays,TPS 08,Zm00001d029195,Alpha-copaene synthase (EC 4.2.3.133) ((+)-germacrene D synthase) (EC 4.2.3.77) (Beta-caryophyllene synthase) (EC 4.2.3.57) (Delta-cadinene synthase) (EC 4.2.3.-) (Terpene synthase 8),Sesquiterpene synthase,,
Zea,mays,TPS 09,Zm00001d052060,"ZmTPS9 protein has a glycosyltransferase domain, bifunctional synthase-phosphatase enzyme, affect starch content",,,
Zea,mays,TPS 10,Zm00001d024486,forms (E)-alpha and beta-bergamotene in herbiovore-damaged leaves,Sesquiterpene synthase,,
Zea,mays,TPS 11,Zm00001d024210,(S)-beta-macrocarpene synthase (EC 5.5.1.17) (Alpha-terpinolene synthase) (EC 4.2.3.113) (Beta-bisabolene synthase) (EC 4.2.3.55) (Beta-myrcene synthase) (EC 4.2.3.15) (Limonene synthase) (EC 4.2.3.16) (Linalool synthase) (EC 4.2.3.25) (Terpene synthase 11),Sesquiterpene synthase,,
Zea,mays,TPS 15,Zm00001d035682,Alpha-humulene/(-)-(E)-beta-caryophyllene synthase (TPS15-B73),Sesquiterpene synthase,,
Zea,mays,TPS 17,Zm00001d004509,Eudesmanediol synthase (ZmEDS) (EC 4.2.3.197) (Terpene synthase 17),Sesquiterpene synthase,,
Zea,mays,TPS 21,Zm00001d047440,"Inactive beta selinene synthase (Terpene synthase 21) (Zmtps21), Beta-selinene synthase (EC 4.2.3.66)",Sesquiterpene synthase,,
Zea,mays,TPS 23,Zm00001d024234,(E)-beta-caryophyllene synthase (EC 4.2.3.57) (Terpene synthase 23),Sesquiterpene synthase,,
Zea,mays,TPS 26,Zm00001d037092,"Alpha-terpineol synthase, chloroplastic (EC 4.2.3.111) (4-terpineol synthase) (EC 4.2.3.-) (Alpha-terpinolene synthase) (EC 4.2.3.113) (Beta-myrcene synthase) (EC 4.2.3.15) (Gamma-terpinene synthase) (EC 4.2.3.114) (Limonene synthase) (EC 4.2.3.16) (Terpene synthase 26, chloroplastic)",Monoterpene synthase,,
Malus,M. domestica,TPS02,MDP0000199152,(1 of 1) K14173 - alpha-farnesene synthase (AFS1),monoterpene,TPS02,
Malus,M. domestica,TPS03,MDP0000152278,(1 of 12) 4.2.3.46 - Alpha-farnesene synthase / AFS1,monoterpene,"ATTPS03, TPS03",
Malus,M. domestica,TPS04,MDP0000192374,"(1 of 4) K17982 - geranyllinalool synthase (TPS04, GES)",diterpene,"GES,TPS04,TPS4",
Malus,M. domestica,TPS4,MDP0000192151,"(1 of 4) K17982 - geranyllinalool synthase (TPS04, GES)",diterpene,"Terpene synthase 4, TPS4",
Malus,M. domestica,TPS14,MDP0000245233,(1 of 6) K15086 - (3S)-linalool synthase (TPS14),monoterpene,"LIS, TPS14",
Malus,M. domestica,TPS14,MDP0000281986,"(1 of 17) 4.2.3.48 - (3S,6E)-nerolidol synthase / Nerolidol synthase",monoterpene,"ATTPS14,TPS14",
Malus,M. domestica,TPS21,MDP0000205617,(1 of 13) 4.2.3.119 - (-)-alpha-pinene synthase / (-)-alpha-pinene/(-)-camphene synthase,sesquiterpene,TPS21,
Malus,M. domestica,MdTPS5-GD,MDP0000161084,(1 of 6) K15803 - (-)-germacrene D synthase (GERD),sesquiterpene,MdTPS5-GD,
Malus,M. domestica,MdTPS8-GD,MDP0000225361,(1 of 21) 4.2.3.22 - Germacradienol synthase / Germacradienol/germacrene-D synthase,sesquiterpene,MdTPS8-GD,
Malus,M. domestica,MdTPS9-GD,MDP0000233869,(1 of 21) 4.2.3.22 - Germacradienol synthase / Germacradienol/germacrene-D synthase,sesquiterpene,MdTPS9-GD,
Malus,M. domestica,MdTPS10-GD,MDP0000236236,(1 of 23) 4.2.3.75 - (-)-germacrene D synthase,sesquiterpene,MdTPS10-GD,
Malus,M. domestica,MdTPS11-GD,MDP0000248152,(1 of 21) 4.2.3.22 - Germacradienol synthase / Germacradienol/germacrene-D synthase,sesquiterpene,MdTPS11-GD,
Malus,M. domestica,MdTPS12-GD,MDP0000265187,(1 of 21) 4.2.3.22 - Germacradienol synthase / Germacradienol/germacrene-D synthase,sesquiterpene,"ATTS1, MdTPS12-GD, TERPENE SYNTHASE 1, TS1",
Malus,M. domestica,MdTPS13-GD,MDP0000274847,(1 of 6) K15803 - (-)-germacrene D synthase (GERD),sesquiterpene,MdTPS13-GD,
Malus,M. domestica,MdTPS14-GD,MDP0000274848,(1 of 13) 4.2.3.119 - (-)-alpha-pinene synthase / (-)-alpha-pinene/(-)-camphene synthase,sesquiterpene,MdTPS14-GD,
Malus,M. domestica,MdTPS15-GD,MDP0000276976,(1 of 13) 4.2.3.119 - (-)-alpha-pinene synthase / (-)-alpha-pinene/(-)-camphene synthase,sesquiterpene,MdTPS15-GD,
Malus,M. domestica,MdTPS16-GD,MDP0000295452,(1 of 6) K15803 - (-)-germacrene D synthase (GERD),sesquiterpene,MdTPS16-GD,
Malus,M. domestica,MdTPS17-GD,MDP0000317119,(1 of 13) 4.2.3.119 - (-)-alpha-pinene synthase / (-)-alpha-pinene/(-)-camphene synthase,sesquiterpene,MdTPS17-GD,
Malus,M. domestica,MdTPS18-GD,MDP0000580210,(1 of 21) 4.2.3.22 - Germacradienol synthase / Germacradienol/germacrene-D synthase,sesquiterpene,MdTPS18-GD,
Malus,M. domestica,MdTPS18-GD,MDP0000598846,(1 of 9) 4.2.3.105 - Tricyclene synthase,sesquiterpene,MdTPS18-GD,
Malus,M. domestica,MdTPS19-GD,MDP0000670935,(1 of 21) 4.2.3.22 - Germacradienol synthase / Germacradienol/germacrene-D synthase,sesquiterpene,MdTPS19-GD,
Malus,M. domestica,MdTPS1-GD,MDP0000120176,(1 of 6) K15803 - (-)-germacrene D synthase (GERD),sesquiterpene,"TPS21, MdTPS1-GD",
Malus,M. domestica,MdTPS20-GD,MDP0000702120,(1 of 13) 4.2.3.119 - (-)-alpha-pinene synthase / (-)-alpha-pinene/(-)-camphene synthase,sesquiterpene,MdTPS20-GD,
Malus,M. domestica,MdTPS21-GD,MDP0000746466,(1 of 21) 4.2.3.22 - Germacradienol synthase / Germacradienol/germacrene-D synthase,sesquiterpene,MdTPS21-GD,
Malus,M. domestica,MdTPS22-GD,MDP0000885704,(1 of 21) 4.2.3.22 - Germacradienol synthase / Germacradienol/germacrene-D synthase,sesquiterpene,"ATTPS-CIN,TPS-CIN, MdTPS22-GD",
Malus,M. domestica,MdTPS23-GD,MDP0000919962,(1 of 13) 4.2.3.119 - (-)-alpha-pinene synthase / (-)-alpha-pinene/(-)-camphene synthase,sesquiterpene,"TPS21, MdTPS23-GD",
Malus,M. domestica,MdTPS26-GD,MDP0000297049,(1 of 12) 4.2.3.106 - (E)-beta-ocimene synthase / Beta-ocimene synthase,monoterpene,MdTPS26-GD,
Malus,M. domestica,MdTPS27-GD,MDP0000318427,(1 of 4) K04121 - ent-kaurene synthase (E4.2.3.19),diterpene,MdTPS27-GD,
Malus,M. domestica,MdTPS27-GD,MDP0000322688,(1 of 1) 4.2.3.27 - Isoprene synthase / ISPS,monoterpene,MdTPS27-GD,
Malus,M. domestica,MdTPS28-GD,MDP0000400627,(1 of 12) 4.2.3.106 - (E)-beta-ocimene synthase / Beta-ocimene synthase,monoterpene,MdTPS28-GD,
Malus,M. domestica,MdTPS29-GD,MDP0000894066,(1 of 12) 4.2.3.106 - (E)-beta-ocimene synthase / Beta-ocimene synthase,sesquiterpene,MdTPS29-GD,
Malus,M. domestica,MdTPS30-GD,MDP0000147908,(1 of 4) K04120 - ent-copalyl diphosphate synthase (E5.5.1.13),diterpene,MdTPS30-GD,
Malus,M. domestica,MdTPS33-GD,MDP0000305417,(1 of 4) K04120 - ent-copalyl diphosphate synthase (E5.5.1.13),diterpene,MdTPS33-GD,
Malus,M. domestica,MdTPS36-GD,MDP0000185520,(1 of 12) 4.2.3.46 - Alpha-farnesene synthase / AFS1,monoterpene,MdTPS36-GD,
Malus,M. domestica,MdTPS37-GD,MDP0000289229,(1 of 12) 4.2.3.46 - Alpha-farnesene synthase / AFS1,monoterpene,MdTPS37-GD,
Malus,M. domestica,MdTPS38-GD,MDP0000321353,"(1 of 4) K17982 - geranyllinalool synthase (TPS04, GES)",diterpene,MdTPS38-GD,
Malus,M. domestica,MdTPS41-GD,MDP0000194565,(1 of 12) 4.2.3.46 - Alpha-farnesene synthase / AFS1,monoterpene,MdTPS41-GD,
Malus,M. domestica,MdTPS42-GD,MDP0000227442,(1 of 4) K04121 - ent-kaurene synthase (E4.2.3.19),diterpene,"KS, MdTPS42-GD",
Malus,M. domestica,MdTPS43-GD,MDP0000290705,(1 of 12) 4.2.3.46 - Alpha-farnesene synthase / AFS1,monoterpene,MdTPS43-GD,
Malus,M. domestica,MdTPS45-GD,MDP0000441513,(1 of 4) K04121 - ent-kaurene synthase (E4.2.3.19),diterpene,MdTPS45-GD,
Malus,M. domestica,MdTPS46-GD,MDP0000828007,(1 of 4) K04121 - ent-kaurene synthase (E4.2.3.19),diterpene,MdTPS46-GD,
Malus,M. domestica,MdTPS48-GD,MDP0000267906,,,MdTPS48-GD,
Malus,M. domestica,MdTPS49-GD,MDP0000293842,(1 of 1) 4.2.3.25 - S-linalool synthase / LIS,monoterpene,MdTPS49-GD,
Malus,M. domestica,MdTPS50-GD,MDP0000298903,(1 of 6) K15086 - (3S)-linalool synthase (TPS14),monoterpene,MdTPS50-GD,
Malus,M. domestica,MdTPS51-GD,MDP0000308115,"(1 of 17) 4.2.3.48 - (3S,6E)-nerolidol synthase / Nerolidol synthase",monoterpene,MdTPS51-GD,
Malus,M. domestica,MdTPS52-GD,MDP0000398063,(1 of 6) K15086 - (3S)-linalool synthase (TPS14),monoterpene,MdTPS52-GD,
Malus,M. domestica,MdTPS53-GD,MDP0000561715,"(1 of 17) 4.2.3.48 - (3S,6E)-nerolidol synthase / Nerolidol synthase",monoterpene,MdTPS53-GD,
Malus,M. domestica,MdTPS54-GD,MDP0000562538,(1 of 6) K15086 - (3S)-linalool synthase (TPS14),monoterpene,MdTPS54-GD,
Malus,M. domestica,MdTPS55-GD,MDP0000685346,"(1 of 17) 4.2.3.48 - (3S,6E)-nerolidol synthase / Nerolidol synthase",monoterpene,MdTPS55-GD,
Malus,M. domestica,Terpenoid cyclases/Protein prenyltransferases,MDP0000500542,(1 of 21) 4.2.3.22 - Germacradienol synthase / Germacradienol/germacrene-D synthase,sesquiterpene,Terpenoid cyclases/Protein prenyltransferases,
Malus,M. domestica,,MDP0000121746,(1 of 13) 4.2.3.119 - (-)-alpha-pinene synthase / (-)-alpha-pinene/(-)-camphene synthase,sesquiterpene,"Terpene synthase, Terpenoid synthase",
Malus,M. domestica,,MDP0000127896,(1 of 13) 4.2.3.119 - (-)-alpha-pinene synthase / (-)-alpha-pinene/(-)-camphene synthase,sesquiterpene,"Terpene synthase like, Terpenoid synthase",
Malus,M. domestica,,MDP0000130635,(1 of 13) 4.2.3.119 - (-)-alpha-pinene synthase / (-)-alpha-pinene/(-)-camphene synthase,sesquiterpene,"alpha-humulene/beta-caryophyllene synthase, Terpene synthase like, Terpenoid synthase",
Malus,M. domestica,,MDP0000131051,(1 of 10) 5.5.1.13 - Ent-copalyl diphosphate synthase / Ent-kaurene synthetase A,diterpene,"Terpene synthase like, Terpenoid cylases/protein prenyltransferase alpha-alpha toroid",
Malus,M. domestica,,MDP0000136959,(1 of 9) 4.2.3.105 - Tricyclene synthase,monoterpene,"Terpene synthase like, Terpenoid cylases/protein prenyltransferase alpha-alpha toroid",
Malus,M. domestica,,MDP0000138294,(1 of 10) 5.5.1.13 - Ent-copalyl diphosphate synthase / Ent-kaurene synthetase A,diterpene,"Terpene synthase like, Terpenoid cylases/protein prenyltransferase alpha-alpha toroid",
Malus,M. domestica,,MDP0000154813,(1 of 9) 4.2.3.105 - Tricyclene synthase,monoterpene,"1,8-cineole synthase, Terpene synthase like, Terpenoid cylases/protein prenyltransferase alpha-alpha toroid",
Malus,M. domestica,,MDP0000162573,"(1 of 4) K17982 - geranyllinalool synthase (TPS04, GES)",diterpene,"Terpene synthase like, Terpenoid cylases/protein prenyltransferase alpha-alpha toroid",
Malus,M. domestica,,MDP0000166538,(1 of 21) 4.2.3.22 - Germacradienol synthase / Germacradienol/germacrene-D synthase,sesquiterpene,"Terpene synthase like, Terpenoid cylases/protein prenyltransferase alpha-alpha toroid",
Malus,M. domestica,,MDP0000168577,"(1 of 5) PTHR31739:SF3 - ENT-KAUR-16-ENE SYNTHASE, CHLOROPLASTIC",diterpene,"Terpene synthase like, Terpenoid cylases/protein prenyltransferase alpha-alpha toroid",
Malus,M. domestica,,MDP0000182333,(1 of 12) 4.2.3.46 - Alpha-farnesene synthase / AFS1,monoterpene,"Terpene synthase, Terpenoid synthase",
Malus,M. domestica,,MDP0000190430,(1 of 12) 4.2.3.46 - Alpha-farnesene synthase / AFS1,monoterpene,"Terpene synthase, Terpenoid synthase",
Malus,M. domestica,,MDP0000198179,(1 of 10) 5.5.1.13 - Ent-copalyl diphosphate synthase / Ent-kaurene synthetase A,diterpene,"ABC33, ARABIDOPSIS THALIANA ENT-COPALYL DIPHOSPHATE SYNTHETASE 1, ATCPS1, CPP SYNTHASE, CPS, CPS1, ENT-COPALYL DIPHOSPHATE SYNTHETASE 1, GA REQUIRING 1, GA1",
Malus,M. domestica,,MDP0000201302,"(1 of 17) 4.2.3.48 - (3S,6E)-nerolidol synthase / Nerolidol synthase",monoterpene,"Terpene synthase, Terpenoid synthase",
Malus,M. domestica,,MDP0000203143,(1 of 6) K15803 - (-)-germacrene D synthase (GERD),sesquiterpene,(-)-E-beta-caryophyllene synthase activity,
Malus,M. domestica,,MDP0000218642,(1 of 13) 4.2.3.119 - (-)-alpha-pinene synthase / (-)-alpha-pinene/(-)-camphene synthase,sesquiterpene,"Terpene synthase, Terpenoid synthase",
Malus,M. domestica,,MDP0000227868,(1 of 9) 4.2.3.105 - Tricyclene synthase,monoterpene,,
Malus,M. domestica,,MDP0000253576,"(1 of 17) 4.2.3.48 - (3S,6E)-nerolidol synthase / Nerolidol synthase",monoterpene,,
Malus,M. domestica,,MDP0000256604,(1 of 4) K04120 - ent-copalyl diphosphate synthase (E5.5.1.13),diterpene,,
Malus,M. domestica,,MDP0000262508,(1 of 9) 4.2.3.105 - Tricyclene synthase,sesquiterpene,,
Malus,M. domestica,,MDP0000268880,(1 of 21) 4.2.3.22 - Germacradienol synthase / Germacradienol/germacrene-D synthase,sesquiterpene,,
Malus,M. domestica,,MDP0000275314,(1 of 6) K15803 - (-)-germacrene D synthase (GERD),sesquiterpene,,
Malus,M. domestica,,MDP0000293841,"(1 of 17) 4.2.3.48 - (3S,6E)-nerolidol synthase / Nerolidol synthase",monoterpene,,
Malus,M. domestica,,MDP0000309477,(1 of 13) 4.2.3.119 - (-)-alpha-pinene synthase / (-)-alpha-pinene/(-)-camphene synthase,sesquiterpene,,
Malus,M. domestica,,MDP0000311361,(1 of 13) 4.2.3.119 - (-)-alpha-pinene synthase / (-)-alpha-pinene/(-)-camphene synthase,sesquiterpene,,
Malus,M. domestica,,MDP0000316067,(1 of 13) 4.2.3.119 - (-)-alpha-pinene synthase / (-)-alpha-pinene/(-)-camphene synthase,sesquiterpene,,
Malus,M. domestica,,MDP0000470357,(1 of 9) 4.2.3.105 - Tricyclene synthase,sesquiterpene,,
Malus,M. domestica,,MDP0000470358,(1 of 9) 4.2.3.105 - Tricyclene synthase,monoterpene,,
Malus,M. domestica,,MDP0000497279,"(1 of 17) 4.2.3.48 - (3S,6E)-nerolidol synthase / Nerolidol synthase",sesquiterpene,,
Malus,M. domestica,,MDP0000522972,(1 of 21) 4.2.3.22 - Germacradienol synthase / Germacradienol/germacrene-D synthase,sesquiterpene,,
Malus,M. domestica,,MDP0000543394,(1 of 4) K04120 - ent-copalyl diphosphate synthase (E5.5.1.13),diterpene,,
Malus,M. domestica,,MDP0000562091,(1 of 1) 4.2.1.133 - Copal-8-ol diphosphate hydratase,diterpene,,
Malus,M. domestica,,MDP0000605270,(1 of 21) 4.2.3.22 - Germacradienol synthase / Germacradienol/germacrene-D synthase,sesquiterpene,,
Malus,M. domestica,,MDP0000651689,(1 of 6) K15086 - (3S)-linalool synthase (TPS14),monoterpene,,
Malus,M. domestica,,MDP0000700416,(1 of 9) 4.2.3.105 - Tricyclene synthase,sesquiterpene,,
Malus,M. domestica,,MDP0000720799,(1 of 21) 4.2.3.22 - Germacradienol synthase / Germacradienol/germacrene-D synthase,sesquiterpene,,
Malus,M. domestica,,MDP0000726012,(1 of 6) K15086 - (3S)-linalool synthase (TPS14),monoterpene,,
Malus,M. domestica,,MDP0000726014,"(1 of 17) 4.2.3.48 - (3S,6E)-nerolidol synthase / Nerolidol synthase",sesquiterpene,,
Malus,M. domestica,,MDP0000735507,(1 of 21) 4.2.3.22 - Germacradienol synthase / Germacradienol/germacrene-D synthase,sesquiterpene,,
Malus,M. domestica,,MDP0000788134,"(1 of 17) 4.2.3.48 - (3S,6E)-nerolidol synthase / Nerolidol synthase",monoterpene,,
Malus,M. domestica,,MDP0000797223,"(1 of 17) 4.2.3.48 - (3S,6E)-nerolidol synthase / Nerolidol synthase",monoterpene,,
Malus,M. domestica,,MDP0000846375,(1 of 1) 4.2.3.110 - (+)-sabinene synthase,sesquiterpene,,
Malus,M. domestica,,MDP0000916065,(1 of 10) 5.5.1.13 - Ent-copalyl diphosphate synthase / Ent-kaurene synthetase A,diterpene,,
Eucalyptus,E. grandis,EgranTPS001,Eucgr.B01314,(1 of 36) 4.2.3.22 - Germacradienol synthase / Germacradienol/germacrene-D synthase,sesquiterpene,,
Eucalyptus,E. grandis,EgranTPS002,Eucgr.B01315,(1 of 47) 4.2.3.75 - (-)-germacrene D synthase,sesquiterpene,,
Eucalyptus,E. grandis,EgranTPS003,Eucgr.B01942,(1 of 27) K15803 - (-)-germacrene D synthase (GERD),sesquiterpene,,
Eucalyptus,E. grandis,EgranTPS005,Eucgr.C02467,(1 of 27) K15803 - (-)-germacrene D synthase (GERD),sesquiterpene,,
Eucalyptus,E. grandis,EgranTPS006,Eucgr.C02474,(1 of 27) K15803 - (-)-germacrene D synthase (GERD),sesquiterpene,,
Eucalyptus,E. grandis,EgranTPS007,Eucgr.C02554,(1 of 1) 4.2.3.77 - (+)-germacrene D synthase,sesquiterpene,,
Eucalyptus,E. grandis,EgranTPS009,Eucgr.C04198,(1 of 27) K15803 - (-)-germacrene D synthase (GERD),sesquiterpene,,
Eucalyptus,E. grandis,,Eucgr.D00666,(1 of 1) 4.2.3.144 - Geranyllinalool synthase,diterpene,,
Eucalyptus,E. grandis,,Eucgr.D00668,"(1 of 6) K17982 - geranyllinalool synthase (TPS04, GES)",diterpene,,
Eucalyptus,E. grandis,,Eucgr.D00671,"(1 of 7) PTHR31739:SF7 - (E,E)-GERANYLLINALOOL SYNTHASE",diterpene,,
Eucalyptus,E. grandis,,Eucgr.D00677,"(1 of 6) K17982 - geranyllinalool synthase (TPS04, GES)",diterpene,,
Eucalyptus,E. grandis,,Eucgr.D00678,"(1 of 6) K17982 - geranyllinalool synthase (TPS04, GES)",diterpene,,
Eucalyptus,E. grandis,,Eucgr.D00679,"(1 of 6) K17982 - geranyllinalool synthase (TPS04, GES)",diterpene,,
Eucalyptus,E. grandis,,Eucgr.D00680,"(1 of 6) K17982 - geranyllinalool synthase (TPS04, GES)",diterpene,,
Eucalyptus,E. grandis,,Eucgr.D00859,(1 of 17) 4.2.3.46 - Alpha-farnesene synthase / AFS1,monoterpene,,
Eucalyptus,E. grandis,,Eucgr.D00861,(1 of 17) 4.2.3.46 - Alpha-farnesene synthase / AFS1,monoterpene,,
Eucalyptus,E. grandis,,Eucgr.D00862,(1 of 17) 4.2.3.46 - Alpha-farnesene synthase / AFS1,monoterpene,,
Eucalyptus,E. grandis,,Eucgr.D00863,(1 of 17) 4.2.3.46 - Alpha-farnesene synthase / AFS1,monoterpene,,
Eucalyptus,E. grandis,,Eucgr.D00864,(1 of 17) 4.2.3.46 - Alpha-farnesene synthase / AFS1,monoterpene,,
Eucalyptus,E. grandis,,Eucgr.D00865,(1 of 17) 4.2.3.46 - Alpha-farnesene synthase / AFS1,monoterpene,,
Eucalyptus,E. grandis,,Eucgr.D00868,(1 of 17) 4.2.3.46 - Alpha-farnesene synthase / AFS1,monoterpene,,
Eucalyptus,E. grandis,,Eucgr.D00869,(1 of 17) 4.2.3.46 - Alpha-farnesene synthase / AFS1,monoterpene,,
Eucalyptus,E. grandis,,Eucgr.D00870,(1 of 17) 4.2.3.46 - Alpha-farnesene synthase / AFS1,monoterpene,,
Eucalyptus,E. grandis,,Eucgr.D00871,(1 of 17) 4.2.3.46 - Alpha-farnesene synthase / AFS1,monoterpene,,
Eucalyptus,E. grandis,,Eucgr.D00872,(1 of 17) 4.2.3.46 - Alpha-farnesene synthase / AFS1,monoterpene,,
Eucalyptus,E. grandis,,Eucgr.D00874,(1 of 17) 4.2.3.46 - Alpha-farnesene synthase / AFS1,monoterpene,,
Eucalyptus,E. grandis,,Eucgr.D01100,(1 of 36) 4.2.3.22 - Germacradienol synthase / Germacradienol/germacrene-D synthase,sesquiterpene,,
Eucalyptus,E. grandis,,Eucgr.D01102,(1 of 1) 4.2.3.119 - (-)-alpha-pinene synthase / (-)-alpha-pinene/(-)-camphene synthase,sesquiterpene,,
Eucalyptus,E. grandis,,Eucgr.D01103,(1 of 36) 4.2.3.22 - Germacradienol synthase / Germacradienol/germacrene-D synthase,sesquiterpene,,
Eucalyptus,E. grandis,,Eucgr.D01104,(1 of 36) 4.2.3.22 - Germacradienol synthase / Germacradienol/germacrene-D synthase,sesquiterpene,,
Eucalyptus,E. grandis,,Eucgr.D01105,(1 of 27) K15803 - (-)-germacrene D synthase (GERD),sesquiterpene,,
Eucalyptus,E. grandis,,Eucgr.D01106,(1 of 36) 4.2.3.22 - Germacradienol synthase / Germacradienol/germacrene-D synthase,sesquiterpene,,
Eucalyptus,E. grandis,,Eucgr.D01114,(1 of 36) 4.2.3.22 - Germacradienol synthase / Germacradienol/germacrene-D synthase,sesquiterpene,,
Eucalyptus,E. grandis,EgranTPS016,Eucgr.E00404,(1 of 27) K15803 - (-)-germacrene D synthase (GERD),sesquiterpene,,Eucgr.E00404.1
Eucalyptus,E. grandis,EgranTPS017,Eucgr.E00414,(1 of 27) K15803 - (-)-germacrene D synthase (GERD),sesquiterpene,,Eucgr.E00414.1
Eucalyptus,E. grandis,EgranTPS018,Eucgr.E00415,(1 of 27) K15803 - (-)-germacrene D synthase (GERD),sesquiterpene,,Eucgr.E00415.1
Eucalyptus,E. grandis,,Eucgr.E00416,(1 of 47) 4.2.3.75 - (-)-germacrene D synthase,sesquiterpene,,
Eucalyptus,E. grandis,EgranTPS019,Eucgr.E00419,(1 of 27) K15803 - (-)-germacrene D synthase (GERD),sesquiterpene,,Eucgr.E00419.1
Eucalyptus,E. grandis,EgranTPS020,Eucgr.E02670,(1 of 27) K15803 - (-)-germacrene D synthase (GERD),sesquiterpene,,Eucgr.E02670.1
Eucalyptus,E. grandis,,Eucgr.E03062,(1 of 7) 4.2.3.25 - S-linalool synthase / LIS,monoterpene,,
Eucalyptus,E. grandis,EgranTPS021,Eucgr.E03115,(1 of 27) K15803 - (-)-germacrene D synthase (GERD),sesquiterpene,,Eucgr.E03115.1
Eucalyptus,E. grandis,EgranTPS022,Eucgr.E03311,(1 of 27) K15803 - (-)-germacrene D synthase (GERD),sesquiterpene,,Eucgr.E03311.1
Eucalyptus,E. grandis,,Eucgr.E03562,(1 of 5) K15086 - (3S)-linalool synthase (TPS14),monoterpene,,
Eucalyptus,E. grandis,,Eucgr.E03563,(1 of 7) 4.2.3.25 - S-linalool synthase / LIS,monoterpene,,
Eucalyptus,E. grandis,,Eucgr.E03566,(1 of 5) K15086 - (3S)-linalool synthase (TPS14),monoterpene,,
Eucalyptus,E. grandis,,Eucgr.E03569,(1 of 7) 4.2.3.25 - S-linalool synthase / LIS,monoterpene,,
Eucalyptus,E. grandis,,Eucgr.E03570,(1 of 7) 4.2.3.25 - S-linalool synthase / LIS,monoterpene,,
Eucalyptus,E. grandis,,Eucgr.E03571,"(1 of 10) 4.2.3.48 - (3S,6E)-nerolidol synthase / Nerolidol synthase",monoterpene,,
Eucalyptus,E. grandis,,Eucgr.E03572,(1 of 5) K15086 - (3S)-linalool synthase (TPS14),monoterpene,,
Eucalyptus,E. grandis,,Eucgr.E03574,"(1 of 10) 4.2.3.48 - (3S,6E)-nerolidol synthase / Nerolidol synthase",monoterpene,,
Eucalyptus,E. grandis,,Eucgr.E03598,"(1 of 10) 4.2.3.48 - (3S,6E)-nerolidol synthase / Nerolidol synthase",monoterpene,,
Eucalyptus,E. grandis,,Eucgr.E03602,"(1 of 10) 4.2.3.48 - (3S,6E)-nerolidol synthase / Nerolidol synthase",monoterpene,,
Eucalyptus,E. grandis,,Eucgr.E03603,"(1 of 10) 4.2.3.48 - (3S,6E)-nerolidol synthase / Nerolidol synthase",monoterpene,,
Eucalyptus,E. grandis,,Eucgr.E03605,(1 of 5) K15086 - (3S)-linalool synthase (TPS14),monoterpene,,
Eucalyptus,E. grandis,,Eucgr.E03606,(1 of 7) 4.2.3.25 - S-linalool synthase / LIS,sesquiterpene,,
Eucalyptus,E. grandis,,Eucgr.E03610,(1 of 7) 4.2.3.25 - S-linalool synthase / LIS,monoterpene,,
Eucalyptus,E. grandis,EgranTPS024,Eucgr.F03396,(1 of 36) 4.2.3.22 - Germacradienol synthase / Germacradienol/germacrene-D synthase,sesquiterpene,,Eucgr.F03396.1
Eucalyptus,E. grandis,EgranTPS025,Eucgr.F03398,(1 of 27) K15803 - (-)-germacrene D synthase (GERD),sesquiterpene,,Eucgr.F03398.1
Eucalyptus,E. grandis,EgranTPS026,Eucgr.F03400,(1 of 27) K15803 - (-)-germacrene D synthase (GERD),sesquiterpene,,Eucgr.F03400.3
Eucalyptus,E. grandis,,Eucgr.F03402,(1 of 36) 4.2.3.22 - Germacradienol synthase / Germacradienol/germacrene-D synthase,sesquiterpene,,
Eucalyptus,E. grandis,,Eucgr.F03403,(1 of 36) 4.2.3.22 - Germacradienol synthase / Germacradienol/germacrene-D synthase,sesquiterpene,,
Eucalyptus,E. grandis,EgranTPS028,Eucgr.F03404,(1 of 36) 4.2.3.22 - Germacradienol synthase / Germacradienol/germacrene-D synthase,sesquiterpene,,Eucgr.F03404.1
Eucalyptus,E. grandis,EgranTPS029,Eucgr.F03408,(1 of 50) PTHR31225:SF15 - ALPHA-HUMULENE/(-)-(E)-BETA-CARYOPHYLLENE SYNTHASE,sesquiterpene,,"Eucgr.F03408.1, Eucgr.F03407.1"
Eucalyptus,E. grandis,,Eucgr.F03409,(1 of 47) 4.2.3.75 - (-)-germacrene D synthase,sesquiterpene,,
Eucalyptus,E. grandis,EgranTPS032,Eucgr.F03412,(1 of 27) K15803 - (-)-germacrene D synthase (GERD),sesquiterpene,,Eucgr.F03412.1
Eucalyptus,E. grandis,EgranTPS033,Eucgr.F03413,(1 of 36) 4.2.3.22 - Germacradienol synthase / Germacradienol/germacrene-D synthase,sesquiterpene,,Eucgr.F03413.1
Eucalyptus,E. grandis,EgranTPS093,Eucgr.F03855,(1 of 1) K04121 - ent-kaurene synthase (E4.2.3.19),diterpene,,Eucgr.F03855.1
Eucalyptus,E. grandis,EgranTPS034,Eucgr.G01636,(1 of 27) K15803 - (-)-germacrene D synthase (GERD),sesquiterpene,,Eucgr.G01636.1
Eucalyptus,E. grandis,EgranTPS090,Eucgr.H01472,(1 of 1) 5.5.1.13 - Ent-copalyl diphosphate synthase / Ent-kaurene synthetase A,diterpene,,Eucgr.H01472.1
Eucalyptus,E. grandis,EgranTPS035,Eucgr.H04797,(1 of 27) K15803 - (-)-germacrene D synthase (GERD),sesquiterpene,,Eucgr.H04797.1
Eucalyptus,E. grandis,EgranTPS036,Eucgr.H04977,(1 of 36) 4.2.3.22 - Germacradienol synthase / Germacradienol/germacrene-D synthase,sesquiterpene,,Eucgr.H04977.1
Eucalyptus,E. grandis,EgranTPS037,Eucgr.H04978,(1 of 36) 4.2.3.22 - Germacradienol synthase / Germacradienol/germacrene-D synthase,sesquiterpene,,Eucgr.H04978.1
Eucalyptus,E. grandis,EgranTPS038,Eucgr.J01451,(1 of 27) K15803 - (-)-germacrene D synthase (GERD),sesquiterpene,,Eucgr.J01451.1
Eucalyptus,E. grandis,EgranTPS040,Eucgr.J01453,(1 of 27) K15803 - (-)-germacrene D synthase (GERD),sesquiterpene,,Eucgr.J01453.1
Eucalyptus,E. grandis,EgranTPS041,Eucgr.K03518,(1 of 27) K15803 - (-)-germacrene D synthase (GERD),sesquiterpene,,Eucgr.K03518.1
Eucalyptus,E. grandis,EgranTPS042,Eucgr.L01631,(1 of 27) K15803 - (-)-germacrene D synthase (GERD),sesquiterpene,,Eucgr.L01631.1
Eucalyptus,E. grandis,EgranTPS043,Eucgr.L01686,(1 of 27) K15803 - (-)-germacrene D synthase (GERD),sesquiterpene,,Eucgr.L01686.1
Eucalyptus,E. grandis,EgranTPS087,Eucgr.L01753,(1 of 17) 4.2.3.46 - Alpha-farnesene synthase / AFS1,monoterpene,,Eucgr.L01753.1
Eucalyptus,E. grandis,EgranTPS044,Eucgr.L02082,(1 of 27) K15803 - (-)-germacrene D synthase (GERD),sesquiterpene,,Eucgr.L02082.1
Eucalyptus,E. grandis,EgranTPS088,Eucgr.L02212,(1 of 17) 4.2.3.46 - Alpha-farnesene synthase / AFS1,monoterpene,,Eucgr.L02212.1
Eucalyptus,E. grandis,,Eucgr.L02261,"(1 of 10) 4.2.3.48 - (3S,6E)-nerolidol synthase / Nerolidol synthase",monoterpene,,
Eucalyptus,E. grandis,,Eucgr.L02296,(1 of 17) 4.2.3.46 - Alpha-farnesene synthase / AFS1,monoterpene,,
Eucalyptus,E. grandis,EgranTPS045,Eucgr.L02298,(1 of 36) 4.2.3.22 - Germacradienol synthase / Germacradienol/germacrene-D synthase,sesquiterpene,,Eucgr.L02298.1
Eucalyptus,E. grandis,EgranTPS046,Eucgr.L02418,(1 of 36) 4.2.3.22 - Germacradienol synthase / Germacradienol/germacrene-D synthase,sesquiterpene,,Eucgr.L02418.1
Eucalyptus,E. grandis,,Eucgr.L02447,(1 of 47) 4.2.3.75 - (-)-germacrene D synthase,sesquiterpene,,
Eucalyptus,E. grandis,EgranTPS048,Eucgr.L02618,(1 of 27) K15803 - (-)-germacrene D synthase (GERD),sesquiterpene,,Eucgr.L02618.1
Eucalyptus,E. grandis,EgranTPS049,Eucgr.L02971,(1 of 27) K15803 - (-)-germacrene D synthase (GERD),sesquiterpene,,Eucgr.L02971.1
Eucalyptus,E. grandis,EgranTPS113,Eucgr.L03091,(1 of 5) K15086 - (3S)-linalool synthase (TPS14),monoterpene,,Eucgr.L03091.1
Eucalyptus,E. grandis,EgranTPS050,Eucgr.L03151,(1 of 47) 4.2.3.75 - (-)-germacrene D synthase,sesquiterpene,,Eucgr.L03151.1
Eucalyptus,E. grandis,EgranTPS051,Eucgr.L03307,(1 of 27) K15803 - (-)-germacrene D synthase (GERD),sesquiterpene,,Eucgr.L03307.1
Eucalyptus,E. grandis,,Eucgr.L03538,(1 of 47) 4.2.3.75 - (-)-germacrene D synthase,sesquiterpene,,
Citrus,sinensis,TPS03,Cs5g23510.1,magnesium ion binding,sesquiterpene synthase,,
Citrus,sinensis,TPS04,Cs3g04360.1,"produces a precursor to TMTT, a volatile plant defense C16-homoterpene",sesquiterpene synthase,,
Citrus,sinensis,TPS07,Cs4g12120.2,Secondary metabolite biosynthesis,sesquiterpene synthase,,
Citrus,sinensis,TPS11,Cs4g12460.1,affect the production of D-limonene in Newhall navel orange,sesquiterpene synthase,,
Citrus,sinensis,TPS16,Cs7g17670.1,Secondary metabolite biosynthesis.,sesquiterpene synthase,,
Citrus,sinensis,TPS21,Cs8g14120.1,generation of volatile compounds,sesquiterpene synthase,,
Citrus,sinensis,TPS24,orange1.1t02008.1,monoterpene biosynthesis,sesquiterpene synthase,,
Citrus,sinensis,TPS25,Cs4g12350.1,terpene biosynthesis,sesquiterpene synthase,,
Citrus,sinensis,TPS26,Cs4g12400.1,terpene biosynthesis in roots,Monoterpene synthase,,
Citrus,sinensis,TPS33,Cs4g12090.1,magnesium ion binding,sesquiterpene synthase,,
Citrus,sinensis,,Cs3g16210.33,,,,
Citrus,sinensis,,Cs3g16210.32,,,,
Citrus,sinensis,,Cs3g16210.31,,,,
Citrus,sinensis,,Cs3g16210.30,,,,
Citrus,sinensis,,Cs3g16210.29,,,,
Citrus,sinensis,,Cs3g16210.28,,,,
Citrus,sinensis,,Cs3g16210.27,,,,
Citrus,sinensis,,Cs3g16210.26,,,,
Citrus,sinensis,,Cs3g16210.25,,,,
Citrus,sinensis,,Cs3g16210.24,,,,
Citrus,sinensis,,Cs3g16210.23,,,,
Citrus,sinensis,,Cs3g16210.22,,,,
Citrus,sinensis,,Cs3g16210.21,,,,
Citrus,sinensis,,Cs3g16210.20,,,,
Citrus,sinensis,,Cs3g16210.19,,,,
Citrus,sinensis,,Cs3g16210.18,,,,
Citrus,sinensis,,Cs3g16210.17,,,,
Citrus,sinensis,,Cs3g16210.16,,,,
Citrus,sinensis,,Cs3g16210.15,,,,
Citrus,sinensis,,Cs3g16210.14,,,,
Citrus,sinensis,,Cs3g16210.13,,,,
Citrus,sinensis,,Cs3g16210.12,,,,
Citrus,sinensis,,Cs3g16210.11,,,,
Citrus,sinensis,,Cs3g16210.10,,,,
Citrus,sinensis,,Cs3g16210.9,,,,
Citrus,sinensis,,Cs3g16210.8,,,,
Citrus,sinensis,,Cs3g16210.7,,,,
Citrus,sinensis,,Cs3g16210.6,,,,
Citrus,sinensis,,Cs3g16210.5,,,,
Citrus,sinensis,,Cs3g16210.4,,,,
Citrus,sinensis,,Cs3g16210.3,,,,
Citrus,sinensis,,Cs3g16210.2,,,,
Citrus,sinensis,,Cs3g16210.1,,,,
Citrus,sinensis,,Cs3g16210.0,,,,
Citrus,sinensis,,Cs3g16210.1,,,,
Zea,mays,Zm00001d002351,TPS 01,"Acyclic sesquiterpene synthase ((3R,6E)-nerolidol synthase) (EC 4.2.3.49) ((R)-linalool synthase) (EC 4.2.3.26) (Beta-farnesene synthase) (EC 4.2.3.47) (Ent-kaurene synthase 2.1) (ZmKS2.1) (EC 4.2.3.19) (Farnesyl diphosphatase) (EC 3.1.7.6) (Geraniol synthase) (EC 3.1.7.11) (Terpene synthase 1) (ZmTPS1)",Sesquiterpene synthase,,
Zea,mays,Zm00001d015053,TPS 02,"Terpene synthase 2, chloroplastic ((3S,6E)-nerolidol synthase) (EC 4.2.3.48) ((E,E)-geranyllinalool synthase) (EC 4.2.3.144) (S-(+)-linalool synthase) (EC 4.2.3.25)",Monoterpene synthase,,
Zea,mays,Zm00001d015054,TPS 03,"Probable terpene synthase 3, chloroplastic (EC 4.2.3.-)",Monoterpene synthase,,
Zea,mays,Zm00001d024478,TPS 04,7-epi-sesquithujene synthase (EC 4.2.3.101) ((E)-alpha-bergamotene synthase) (EC 4.2.3.81) (Beta-bisabolene synthase) (EC 4.2.3.55) (Beta-curcumene synthase) (EC 4.2.3.-) (Beta-farnesene synthase) (EC 4.2.3.47) (Gamma-curcumene synthase) (EC 4.2.3.94) (Sesquisabinene A synthase) (EC 4.2.3.-) (Terpene synthase 4) (tps4-B73),Sesquiterpene synthase,,
Zea,mays,Zm00001d024481,TPS 05,Inactive sesquithujene synthase (Terpene synthase 5) (tps5-B73),Sesquiterpene synthase,,
Zea,mays,Zm00001d024207,TPS 06,(S)-beta-macrocarpene synthase (EC 5.5.1.17) (Alpha-terpinolene synthase) (EC 4.2.3.113) (Beta-bisabolene synthase) (EC 4.2.3.55) (Beta-myrcene synthase) (EC 4.2.3.15) (Limonene synthase) (EC 4.2.3.16) (Linalool synthase) (EC 4.2.3.25) (Terpene synthase 6),Sesquiterpene synthase,,
Zea,mays,Zm00001d032230,TPS 07,Tau-cadinol synthase (EC 4.2.3.173) (Terpene synthase 7) (ZmTPS7),Sesquiterpene synthase,,
Zea,mays,Zm00001d029195,TPS 08,Alpha-copaene synthase (EC 4.2.3.133) ((+)-germacrene D synthase) (EC 4.2.3.77) (Beta-caryophyllene synthase) (EC 4.2.3.57) (Delta-cadinene synthase) (EC 4.2.3.-) (Terpene synthase 8),Sesquiterpene synthase,,
Zea,mays,Zm00001d052060,TPS 09,"ZmTPS9 protein has a glycosyltransferase domain, bifunctional synthase-phosphatase enzyme, affect starch content",,,
Zea,mays,Zm00001d024486,TPS 10,forms (E)-alpha and beta-bergamotene in herbiovore-damaged leaves,Sesquiterpene synthase,,
Zea,mays,Zm00001d024210,TPS 11,(S)-beta-macrocarpene synthase (EC 5.5.1.17) (Alpha-terpinolene synthase) (EC 4.2.3.113) (Beta-bisabolene synthase) (EC 4.2.3.55) (Beta-myrcene synthase) (EC 4.2.3.15) (Limonene synthase) (EC 4.2.3.16) (Linalool synthase) (EC 4.2.3.25) (Terpene synthase 11),Sesquiterpene synthase,,
Zea,mays,Zm00001d035682,TPS 15,Alpha-humulene/(-)-(E)-beta-caryophyllene synthase (TPS15-B73),Sesquiterpene synthase,,
Zea,mays,Zm00001d004509,TPS 17,Eudesmanediol synthase (ZmEDS) (EC 4.2.3.197) (Terpene synthase 17),Sesquiterpene synthase,,
Zea,mays,Zm00001d047440,TPS 21,"Inactive beta selinene synthase (Terpene synthase 21) (Zmtps21), Beta-selinene synthase (EC 4.2.3.66)",Sesquiterpene synthase,,
Zea,mays,Zm00001d024234,TPS 23,(E)-beta-caryophyllene synthase (EC 4.2.3.57) (Terpene synthase 23),Sesquiterpene synthase,,
Zea,mays,Zm00001d037092,TPS 26,"Alpha-terpineol synthase, chloroplastic (EC 4.2.3.111) (4-terpineol synthase) (EC 4.2.3.-) (Alpha-terpinolene synthase) (EC 4.2.3.113) (Beta-myrcene synthase) (EC 4.2.3.15) (Gamma-terpinene synthase) (EC 4.2.3.114) (Limonene synthase) (EC 4.2.3.16) (Terpene synthase 26, chloroplastic)",Monoterpene synthase,,
Zea,mays,Zm00001d024512,Copalyl diphosphate synthase3,explore the role of Gibberellin acid in maize salt tolerance,Diterpene synthase,,
Zea,mays,Zm00001d049957,Kaurene synthase 6,diterpenoid phytoalexin biosynthesis,Diterpene synthase,,
Zea,mays,Zm00001d032961,Kaurene synthase 3,diterpenoid phytoalexin biosynthesis,Diterpene synthase,,
Zea,mays,Zm00001d048874,Ent-copalyl diphosphate synthase,,Diterpene synthase,,
Zea,mays,Zm00001d024208,Alpha-humulene/(-)-(E)-beta-caryophyllene synthase,,Sesquiterpene synthase,,
Zea,mays,Zm00001d041082,Kaurene synthase 4,,Diterpene synthase,,
Zea,mays,Zm00001d032961,Anther ear1,,,,
Zea,mays,Zm00001d024207,Alpha-humulene/(-)-(E)-beta-caryophyllene synthase,,,,
Zea,mays,Zm00001d045054,Sesquiterpene cyclase 1,,,,
Zea,mays,Zm00001d032858,ZmKSL4,"Dolabradiene synthase KSL4, chloroplastic (EC 4.2.3.196) (Ent-kaurene synthase-like 4) (ZmKSL4)",,,
Zea,mays,Zm00001d024514,Ent-kaur-16-ene synthase,,,,
Zea,mays,Zm00001d024667,Garmacrene synthase,,,,
Zea,mays,Zm00001d014136,CYP71Z16 ZEAMMB73,,,,
Zea,mays,Zm00001d018839,CYP92C5 ZEAMMB73,,,,
Zea,mays,Zm00001d014134,CYP71Z18 ZEAMMB73,,,,
Zea,mays,Zm00001d007918,CYP92C6 ZEAMMB73,,,,
Solanum,Solanum lycopersicum (Tomato) (Lycopersicon esculentum),Solyc01g105880.2,,Monoterpenoid synthase 2 MTS2Length=590,,,
Solanum,Solanum lycopersicum (Tomato) (Lycopersicon esculentum),Solyc01g105890.2,,Monoterpene synthase 1 MTS1Length=609,,,
Solanum,Solanum lycopersicum (Tomato) (Lycopersicon esculentum),Solyc01g105920.2,,"(E)-beta-ocimene synthase IPR005630 Terpene synthase, metal-binding domainLength=592",,,
Solanum,Solanum lycopersicum (Tomato) (Lycopersicon esculentum),Solyc01g105870.2,,"(E)-beta-ocimene synthase IPR005630 Terpene synthase, metal-binding domainLength=607",,,
Solanum,Solanum lycopersicum (Tomato) (Lycopersicon esculentum),Solyc01g105900.2,,"(E)-beta-ocimene synthase IPR005630 Terpene synthase, metal-binding domainLength=535",,,
Solanum,Solanum lycopersicum (Tomato) (Lycopersicon esculentum),Solyc02g079840.1,,"(E)-beta-ocimene synthase IPR005630 Terpene synthase, metal-binding domainLength=538",,,
Solanum,Solanum lycopersicum (Tomato) (Lycopersicon esculentum),Solyc01g105850.2,,(E)-beta-ocimene synthase IPR001906 Terpene synthase-likeLength=278,,,
Solanum,Solanum lycopersicum (Tomato) (Lycopersicon esculentum),Solyc12g006570.1,,"Germacrene-D synthase IPR005630 Terpene synthase, metal-binding domainLength=554",,,
Solanum,Solanum lycopersicum (Tomato) (Lycopersicon esculentum),Solyc02g079890.1,,"Beta-ocimene synthase IPR005630 Terpene synthase, metal-binding domainLength=547",,,
Solanum,Solanum lycopersicum (Tomato) (Lycopersicon esculentum),Solyc01g105860.2,,"(R)-limonene synthase IPR005630 Terpene synthase, metal-binding domainLength=218",,,
Solanum,Solanum lycopersicum (Tomato) (Lycopersicon esculentum),Solyc01g101180.2,,"Alpha-humulene_(-)-(E)-beta-caryophyllene synthase IPR005630 Terpene synthase, metal-binding domainLength=548",,,
Solanum,Solanum lycopersicum (Tomato) (Lycopersicon esculentum),Solyc06g060180.1,,"Alpha-humulene_(-)-(E)-beta-caryophyllene synthase IPR005630 Terpene synthase, metal-binding domainLength=587",,,
Solanum,Solanum lycopersicum (Tomato) (Lycopersicon esculentum),Solyc01g105960.2,,(E)-beta-ocimene synthase IPR001906 Terpene synthase-likeLength=354,,,
Solanum,Solanum lycopersicum (Tomato) (Lycopersicon esculentum),Solyc01g101210.2,,"Alpha-humulene_(-)-(E)-beta-caryophyllene synthase IPR005630 Terpene synthase, metal-binding domainLength=556",,,
Solanum,Solanum lycopersicum (Tomato) (Lycopersicon esculentum),Solyc01g101170.2,,"Alpha-humulene_(-)-(E)-beta-caryophyllene synthase IPR005630 Terpene synthase, metal-binding domainLength=555",,,
Solanum,Solanum lycopersicum (Tomato) (Lycopersicon esculentum),Solyc01g101190.2,,"Alpha-humulene_(-)-(E)-beta-caryophyllene synthase IPR005630 Terpene synthase, metal-binding domainLength=552",,,
Solanum,Solanum lycopersicum (Tomato) (Lycopersicon esculentum),Solyc03g007730.1,,"Beta-ocimene synthase IPR005630 Terpene synthase, metal-binding domainLength=562",,,
Solanum,Solanum lycopersicum (Tomato) (Lycopersicon esculentum),Solyc04g051620.1,,"Alpha-humulene_(-)-(E)-beta-caryophyllene synthase IPR005630 Terpene synthase, metal-binding domainLength=565",,,
Solanum,Solanum lycopersicum (Tomato) (Lycopersicon esculentum),Solyc04g054380.1,,"Alpha-humulene_(-)-(E)-beta-caryophyllene synthase IPR005630 Terpene synthase, metal-binding domainLength=554",,,
Solanum,Solanum lycopersicum (Tomato) (Lycopersicon esculentum),Solyc06g059930.2,,sesquiterpene synthase 1 sstle1Length=548,,,
Solanum,Solanum lycopersicum (Tomato) (Lycopersicon esculentum),Solyc07g051940.2,,"Alpha-humulene_(-)-(E)-beta-caryophyllene synthase IPR005630 Terpene synthase, metal-binding domainLength=497",,,
Solanum,Solanum lycopersicum (Tomato) (Lycopersicon esculentum),Solyc09g092470.2,,"Alpha-humulene_(-)-(E)-beta-caryophyllene synthase IPR005630 Terpene synthase, metal-binding domainLength=568",,,
Solanum,Solanum lycopersicum (Tomato) (Lycopersicon esculentum),Solyc10g005390.2,,"Linalool synthase IPR005630 Terpene synthase, metal-binding domainLength=563",,,
Solanum,Solanum lycopersicum (Tomato) (Lycopersicon esculentum),Solyc00g154480.1,,"Cellulose synthase-like protein E1 IPR005630 Terpene synthase, metal-binding domainLength=521",,,
Solanum,Solanum lycopersicum (Tomato) (Lycopersicon esculentum),Solyc07g008690.2,,"Alpha-humulene_(-)-(E)-beta-caryophyllene synthase IPR005630 Terpene synthase, metal-binding domainLength=405",,,
Solanum,Solanum lycopersicum (Tomato) (Lycopersicon esculentum),Solyc06g060010.2,,"Alpha-humulene_(-)-(E)-beta-caryophyllene synthase IPR005630 Terpene synthase, metal-binding domainLength=555",,,
Solanum,Solanum lycopersicum (Tomato) (Lycopersicon esculentum),Solyc10g005410.2,,"Linalool synthase IPR005630 Terpene synthase, metal-binding domainLength=629",,,
Solanum,Solanum lycopersicum (Tomato) (Lycopersicon esculentum),Solyc01g105950.2,,"(R)-limonene synthase IPR005630 Terpene synthase, metal-binding domainLength=152",,,
Solanum,Solanum lycopersicum (Tomato) (Lycopersicon esculentum),Solyc01g105940.2,,"Limonene synthase IPR005630 Terpene synthase, metal-binding domainLength=105",,,
Solanum,Solanum lycopersicum (Tomato) (Lycopersicon esculentum),Solyc06g059910.2,,"Alpha-humulene_(-)-(E)-beta-caryophyllene synthase IPR005630 Terpene synthase, metal-binding domainLength=342",,,
Solanum,Solanum lycopersicum (Tomato) (Lycopersicon esculentum),Solyc05g026590.1,,Beta-ocimene synthase IPR001906 Terpene synthase-likeLength=287,,,
Solanum,Solanum lycopersicum (Tomato) (Lycopersicon esculentum),Solyc07g066670.2,,"Ent-kaurene synthase IPR005630 Terpene synthase, metal-binding domainLength=819",,,
Solanum,Solanum lycopersicum (Tomato) (Lycopersicon esculentum),Solyc01g105930.1,,D-limonene synthase IPR001906 Terpene synthase-likeLength=101,,,
Solanum,Solanum lycopersicum (Tomato) (Lycopersicon esculentum),Solyc03g006550.2,,"(-)-ent-kaurene synthase IPR005630 Terpene synthase, metal-binding domainLength=821",,,
Solanum,Solanum lycopersicum (Tomato) (Lycopersicon esculentum),Solyc08g005640.2,,"Ent-kaurene synthase-like protein 1 IPR005630 Terpene synthase, metal-binding domainLength=667",,,
Solanum,Solanum lycopersicum (Tomato) (Lycopersicon esculentum),Solyc07g052140.2,,"(-)-germacrene D synthase IPR005630 Terpene synthase, metal-binding domainLength=216",,,
Solanum,Solanum lycopersicum (Tomato) (Lycopersicon esculentum),Solyc07g052120.2,,"(-)-germacrene D synthase IPR005630 Terpene synthase, metal-binding domainLength=216",,,
Solanum,Solanum lycopersicum (Tomato) (Lycopersicon esculentum),Solyc01g101220.1,,"Sesquiterpene synthase 1 IPR005630 Terpene synthase, metal-binding domainLength=168",,,
Solanum,Solanum lycopersicum (Tomato) (Lycopersicon esculentum),Solyc01g105910.1,,D-limonene synthase IPR001906 Terpene synthase-likeLength=131,,,
Solanum,Solanum lycopersicum (Tomato) (Lycopersicon esculentum),Solyc12g019240.1,,Germacrene-D synthase IPR001906 Terpene synthase-likeLength=235,,,
Solanum,Solanum lycopersicum (Tomato) (Lycopersicon esculentum),Solyc06g084240.1,,copalyl diphosphate synthase cps1Length=800,,,
Solanum,Solanum lycopersicum (Tomato) (Lycopersicon esculentum),Solyc08g005720.2,,"Ent-kaurene synthase-like protein 1 IPR005630 Terpene synthase, metal-binding domainLength=756",,,
Solanum,Solanum lycopersicum (Tomato) (Lycopersicon esculentum),Solyc08g005710.2,,Ent-copalyl diphosphate synthase (Fragment) IPR001906 Terpene synthase-likeLength=668,,,
Solanum,Solanum lycopersicum (Tomato) (Lycopersicon esculentum),Solyc07g008680.2,,Germacrene-D synthase IPR001906 Terpene synthase-likeLength=129,,,
Solanum,Solanum lycopersicum (Tomato) (Lycopersicon esculentum),Solyc02g079910.1,,Limonene synthase IPR001906 Terpene synthase-likeLength=165,,,
Solanum,Solanum lycopersicum (Tomato) (Lycopersicon esculentum),Solyc10g005420.1,,"Limonene synthase IPR005630 Terpene synthase, metal-binding domainLength=82",,,
Solanum,Solanum lycopersicum (Tomato) (Lycopersicon esculentum),Solyc02g079900.1,,"(E E)-alpha-farnesene synthase IPR005630 Terpene synthase,",,,
